fullname,firstname,secondname,games,birthdate,position,scPrice,height,weight
Aaron Francis,Aaron,Francis,10,"1997,08,10",Defender,350900,193,92
Aaron Hall,Aaron,Hall,103,"1990,11,09",Midfield,389200,185,85
Aaron Naughton,Aaron,Naughton,18,"1999,11,30",Defender,310900,195,89
Aaron Nietschke,Aaron,Nietschke,0,"2000,05,26",Midfield,117300,184,80
Aaron Sandilands,Aaron,Sandilands,265,"1982,12,06",Ruck,529000,211,118
Aaron Vandenberg,Aaron,Vandenberg,35,"1992,03,03","Midfield,Forward",283400,188,90
Aaron Young,Aaron,Young,98,"1992,12,06",Forward,325700,189,84
Adam Cerra,Adam,Cerra,21,"1999,10,07",Forward,329600,186,81
Adam Kennedy,Adam,Kennedy,92,"1992,07,12",Defender,428500,182,80
Adam Saad,Adam,Saad,70,"1994,07,23",Defender,407600,178,75
Adam Tomlinson,Adam,Tomlinson,115,"1993,08,10",Midfield,385400,194,96
Adam Treloar,Adam,Treloar,139,"1993,03,09",Midfield,594200,182,86
Aidan Corr,Aidan,Corr,75,"1994,05,17",Defender,299600,195,95
Aiden Bonar,Aiden,Bonar,4,"1999,03,08","Midfield,Forward",249700,188,86
Aidyn Johnson,Aidyn,Johnson,10,"1997,10,31",Forward,208100,185,81
Alex Fasolo,Alex,Fasolo,101,"1992,06,08",Forward,250000,181,84
Alex Keath,Alex,Keath,12,"1992,01,20",Defender,359100,197,93
Alex Neal-Bullen,Alex,Neal-Bullen,59,"1996,01,09",Forward,402500,182,80
Alex Pearce,Alex,Pearce,42,"1995,06,09",Defender,273500,200,98
Alex Rance,Alex,Rance,199,"1989,10,09",Defender,448100,194,95
Alex Sexton,Alex,Sexton,97,"1993,12,03",Forward,329700,186,84
Alex Witherden,Alex,Witherden,30,"1998,09,10",Defender,455000,188,85
Aliir Aliir,Aliir,Aliir,28,"1994,09,05",Defender,431800,194,94
Allen Christensen,Allen,Christensen,120,"1991,05,19",Forward,395000,177,80
Andrew Brayshaw,Andrew,Brayshaw,17,"1999,11,08",Midfield,328600,184,84
Andrew Gaff,Andrew,Gaff,175,"1992,06,16",Midfield,587400,182,85
Andrew McGrath,Andrew,McGrath,41,"1998,06,02","Defender,Midfield",384300,178,80
Andrew McPherson,Andrew,McPherson,0,"1999,06,20",Defender,123900,186,79
Andrew Phillips,Andrew,Phillips,36,"1991,07,03",Ruck,278800,203,99
Andy Otten,Andy,Otten,106,"1989,05,15",Defender,375200,192,94
Angus Brayshaw,Angus,Brayshaw,58,"1996,01,09",Midfield,526900,187,87
Angus Schumacher,Angus,Schumacher,0,"1999,03,16",Defender,123900,190,84
Anthony McDonald-Tipungwuti,Anthony,McDonald-Tipungwuti,66,"1993,04,22",Forward,368600,171,79
Anthony Miles,Anthony,Miles,71,"1992,02,28",Midfield,342000,180,80
Anton Tohill,Anton,Tohill,0,"1999,12,14","Defender,Forward",102400,,
Archie Smith,Archie,Smith,9,"1995,07,19",Ruck,172300,202,105
Atu Bosenavulagi,Atu,Bosenavulagi,0,"2000,09,17","Midfield,Forward",117300,179,79
Austin Bradtke,Austin,Bradtke,0,"2000,05,27",Ruck,102400,204,90
Bachar Houli,Bachar,Houli,185,"1988,05,12",Defender,399600,180,84
Bailey Banfield,Bailey,Banfield,20,"1998,02,26","Midfield,Forward",344200,188,88
Bailey Dale,Bailey,Dale,40,"1996,07,22","Midfield,Forward",311600,183,82
Bailey Rice,Bailey,Rice,11,"1997,02,10",Defender,297600,184,88
Bailey Scott,Bailey,Scott,0,"2000,07,09",Midfield,117300,186,74
Bailey Smith,Bailey,Smith,0,"2000,12,07",Midfield,180300,185,80
Bailey Williams,Bailey,Williams,32,"1997,10,10",Defender,441600,187,85
Bailey Williams,Bailey,Williams,0,"2000,04,17","Forward,Ruck",117300,198,95
Bayley Fritsch,Bayley,Fritsch,23,"1996,12,06",Midfield,408400,188,81
Ben Ainsworth,Ben,Ainsworth,29,"1998,02,10",Forward,333200,178,78
Ben Brown,Ben,Brown,99,"1992,11,20",Forward,451100,200,101
Ben Cavarra,Ben,Cavarra,0,"1995,12,20",Forward,117300,173,72
Ben Crocker,Ben,Crocker,23,"1997,02,19",Forward,248600,188,83
Ben Cunnington,Ben,Cunnington,187,"1991,06,30",Midfield,522900,185,88
Ben Davis,Ben,Davis,0,"1997,05,19",Forward,123900,187,82
Ben Jacobs,Ben,Jacobs,90,"1992,01,09",Midfield,435500,185,85
Ben Jarvis,Ben,Jarvis,0,"2000,07,27","Forward,Ruck",117300,188,80
Ben Keays,Ben,Keays,28,"1997,02,23",Midfield,260600,185,82
Ben King,Ben,King,0,"2000,07,07",Forward,184800,202,87
Ben Long,Ben,Long,14,"1997,08,21",Forward,292600,182,74
Ben McEvoy,Ben,McEvoy,187,"1989,07,11",Ruck,553100,200,102
Ben McKay,Ben,McKay,1,"1997,12,24",Defender,123900,201,95
Ben McNiece,Ben,McNiece,10,"1992,03,22",Defender,297900,178,80
Ben Miller,Ben,Miller,0,"1999,08,31",Defender,123900,195,94
Ben Paton,Ben,Paton,3,"1998,10,19",Defender,237400,186,77
Ben Reid,Ben,Reid,142,"1989,04,29",Forward,299700,196,98
Ben Ronke,Ben,Ronke,18,"1997,12,18",Forward,350600,182,77
Ben Silvagni,Ben,Silvagni,0,"2000,05,07","Defender,Forward",117300,196,86
Benjamin Stratton,Benjamin,Stratton,169,"1989,03,01",Defender,320300,189,88
Billy Frampton,Billy,Frampton,1,"1996,11,20",Ruck,191100,200,96
Billy Gowers,Billy,Gowers,20,"1996,06,10",Forward,332200,187,87
Billy Longer,Billy,Longer,65,"1993,05,12",Ruck,260900,202,105
Billy Stretch,Billy,Stretch,38,"1996,09,08",Midfield,285000,180,77
Blake Acres,Blake,Acres,56,"1995,10,07","Midfield,Forward",480000,190,92
Blake Hardwick,Blake,Hardwick,44,"1997,02,05",Defender,403400,181,79
Blake Schlensog,Blake,Schlensog,0,"2000,09,25","Forward,Ruck",102400,195,90
Boyd Woodcock,Boyd,Woodcock,0,"2000,03,05","Midfield,Forward",117300,179,72
Brad Crouch,Brad,Crouch,61,"1994,01,14",Midfield,418000,186,85
Brad Ebert,Brad,Ebert,235,"1990,04,02",Midfield,471500,188,89
Bradley Hill,Bradley,Hill,127,"1993,07,09",Midfield,426700,181,78
Bradley Lynch,Bradley,Lynch,9,"1997,07,11","Defender,Forward",276300,187,79
Bradley Scheer,Bradley,Scheer,10,"1998,08,31","Midfield,Forward",294800,184,85
Bradley Sheppard,Bradley,Sheppard,154,"1991,05,23",Defender,418700,187,85
Brandan Parfitt,Brandan,Parfitt,34,"1998,04,27",Forward,434300,180,79
Brandon Ellis,Brandon,Ellis,153,"1993,08,03",Defender,387500,181,82
Brandon Matera,Brandon,Matera,119,"1992,03,11",Forward,333300,173,74
Brandon Starcevich,Brandon,Starcevich,4,"1999,07,24","Midfield,Forward",237000,187,85
Brandon White,Brandon,White,10,"1997,01,13",Defender,261400,188,85
Brandon Zerk-Thatcher,Brandon,Zerk-Thatcher,0,"1998,08,25",Defender,123900,195,78
Brayden Ainsworth,Brayden,Ainsworth,3,"1998,11,21",Midfield,234500,184,80
Brayden Crossley,Brayden,Crossley,10,"1999,08,16",Forward,270900,198,102
Brayden Fiorini,Brayden,Fiorini,26,"1997,08,22",Midfield,442200,186,83
Brayden Ham,Brayden,Ham,0,"1999,04,25",Forward,117300,181,70
Brayden Maynard,Brayden,Maynard,73,"1996,09,20",Defender,406800,189,90
Brayden Sier,Brayden,Sier,12,"1997,12,12",Midfield,435000,191,88
Braydon Preuss,Braydon,Preuss,8,"1995,06,16",Ruck,239900,206,109
Brendon Ah Chee,Brendon,Ah Chee,35,"1993,12,21",Forward,348800,188,89
Brennan Cox,Brennan,Cox,26,"1998,08,13",Forward,349800,193,96
Brent Daniels,Brent,Daniels,7,"1999,03,09",Forward,246400,170,72
Brett Bewley,Brett,Bewley,0,"1995,04,14",Midfield,117300,186,86
Brett Deledio,Brett,Deledio,261,"1987,04,18",Midfield,463800,188,88
Brodie Grundy,Brodie,Grundy,108,"1994,04,15",Ruck,708200,203,102
Brodie Riach,Brodie,Riach,0,"1998,05,31","Midfield,Forward",102400,,
Brodie Smith,Brodie,Smith,145,"1992,01,14",Defender,332500,189,90
Brody Mihocek,Brody,Mihocek,16,"1993,02,04",Forward,361000,192,94
Bryce Gibbs,Bryce,Gibbs,253,"1989,03,15",Midfield,523900,188,84
Buku Khamis,Buku,Khamis,0,"2000,03,24",Defender,102400,189,82
Cale Hooker,Cale,Hooker,175,"1988,10,13",Defender,421500,197,101
Caleb Daniel,Caleb,Daniel,74,"1996,07,07",Forward,418500,168,72
Caleb Graham,Caleb,Graham,0,"2000,09,12","Defender,Ruck",117300,194,90
Caleb Marchbank,Caleb,Marchbank,35,"1996,12,07",Defender,355600,193,90
Callan Ward,Callan,Ward,216,"1990,04,10",Midfield,568000,187,84
Callum Ah Chee,Callum,Ah Chee,44,"1997,10,09","Defender,Forward",300500,182,78
Callum Brown,Callum,Brown,0,"2000,08,15",Defender,102400,189,91
Callum Brown,Callum,Brown,13,"1998,04,27",Forward,322300,178,77
Callum Coleman-Jones,Callum,Coleman-Jones,0,"1999,06,13","Forward,Ruck",123900,200,97
Callum Mills,Callum,Mills,55,"1997,04,02",Defender,428900,188,82
Callum Moore,Callum,Moore,8,"1996,09,03",Forward,280100,193,92
Callum Porter,Callum,Porter,0,"1999,02,22",Midfield,123900,182,76
Callum Sinclair,Callum,Sinclair,87,"1989,09,23",Ruck,528000,200,96
Callum Wilkie,Callum,Wilkie,0,"1996,03,10",Defender,124900,191,87
Cameron Ellis-Yolmen,Cameron,Ellis-Yolmen,29,"1993,01,28",Midfield,449800,190,97
Cameron Guthrie,Cameron,Guthrie,141,"1992,08,19",Defender,346100,187,86
Cameron Hewett,Cameron,Hewett,0,"1997,02,26",Midfield,102400,189,82
Cameron McCarthy,Cameron,McCarthy,57,"1995,04,01",Forward,273300,192,92
Cameron Polson,Cameron,Polson,13,"1998,03,11",Forward,191800,177,76
Cameron Rayner,Cameron,Rayner,22,"1999,10,21",Forward,327700,187,87
Cameron Zurhaar,Cameron,Zurhaar,9,"1998,05,22",Forward,254100,189,90
Cedric Cox,Cedric,Cox,12,"1997,08,19",Defender,166100,183,80
Chad Wingard,Chad,Wingard,147,"1993,07,29","Midfield,Forward",481100,183,85
Changkuoth Jiath,Changkuoth,Jiath,0,"1999,06,13",Defender,123900,185,74
Charlie Ballard,Charlie,Ballard,11,"1999,07,23",Defender,241800,195,83
Charlie Cameron,Charlie,Cameron,84,"1994,07,05",Forward,387400,181,75
Charlie Constable,Charlie,Constable,0,"1999,05,18",Midfield,123900,191,86
Charlie Curnow,Charlie,Curnow,47,"1997,02,03",Forward,420400,194,91
Charlie Dixon,Charlie,Dixon,126,"1990,09,23",Forward,425300,200,108
Charlie Spargo,Charlie,Spargo,18,"1999,11,25",Forward,311200,173,71
Chayce Jones,Chayce,Jones,0,"2000,01,14",Midfield,171300,180,77
Chris Burgess,Chris,Burgess,0,"1995,11,26","Defender,Forward",123900,191,82
Chris Masten,Chris,Masten,198,"1989,05,02",Midfield,418800,180,80
Christian Petracca,Christian,Petracca,63,"1996,01,04","Midfield,Forward",442600,186,96
Christian Salem,Christian,Salem,70,"1995,07,15",Defender,445400,183,81
Christopher Mayne,Christopher,Mayne,196,"1988,11,02",Midfield,370400,188,84
Clayton Oliver,Clayton,Oliver,60,"1997,07,22",Midfield,622600,187,83
Colin O'Riordan,Colin,O'Riordan,3,"1995,10,12",Defender,250800,185,83
Connor Ballenden,Connor,Ballenden,0,"1999,03,29",Forward,123900,200,95
Connor Blakely,Connor,Blakely,46,"1996,03,02",Defender,461800,188,90
Connor Idun,Connor,Idun,0,"2000,07,29","Defender,Forward",117300,190,92
Connor McFadyen,Connor,McFadyen,0,"2000,12,04","Midfield,Forward",117300,190,92
Connor Menadue,Connor,Menadue,33,"1996,09,19",Defender,228600,187,80
Connor Nutting,Connor,Nutting,0,"1999,10,09","Defender,Forward",123900,187,79
Connor Rozee,Connor,Rozee,0,"2000,01,22","Defender,Forward",189300,185,73
Conor Glass,Conor,Glass,10,"1997,09,28",Defender,210100,189,84
Conor McKenna,Conor,McKenna,51,"1996,03,28",Defender,403800,184,84
Conor Nash,Conor,Nash,5,"1998,07,28",Forward,262200,197,93
Corey Ellis,Corey,Ellis,27,"1996,10,09","Defender,Midfield",233300,184,79
Corey Lyons,Corey,Lyons,0,"1998,05,31",Midfield,123900,184,83
Corey Maynard,Corey,Maynard,2,"1991,10,07",Midfield,238900,185,89
Corey Wagner,Corey,Wagner,8,"1997,03,23",Midfield,123900,181,78
Curtis Taylor,Curtis,Taylor,0,"2000,04,06","Midfield,Forward",117300,187,79
Dale Morris,Dale,Morris,252,"1982,12,29",Defender,287700,190,91
Dale Thomas,Dale,Thomas,238,"1987,06,21",Defender,462000,185,84
Damon Greaves,Damon,Greaves,0,"2000,04,25","Defender,Midfield",109900,186,75
Dan Houston,Dan,Houston,39,"1997,05,12",Defender,420500,187,89
Dane Rampe,Dane,Rampe,138,"1990,06,02",Defender,422400,189,86
Daniel Butler,Daniel,Butler,38,"1996,06,03",Forward,317000,182,80
Daniel Hannebery,Daniel,Hannebery,208,"1991,02,24",Midfield,326100,181,79
Daniel Howe,Daniel,Howe,50,"1995,12,04",Midfield,410000,191,86
Daniel Lloyd,Daniel,Lloyd,21,"1992,02,18",Forward,344700,187,86
Daniel McKenzie,Daniel,McKenzie,34,"1996,05,17",Defender,358300,184,83
Daniel McStay,Daniel,McStay,79,"1995,06,24",Forward,300900,195,98
Daniel Menzel,Daniel,Menzel,73,"1991,09,13",Forward,369100,190,90
Daniel Rich,Daniel,Rich,183,"1990,06,07",Defender,428200,185,88
Daniel Rioli,Daniel,Rioli,55,"1997,04,16",Forward,324600,179,76
Daniel Talia,Daniel,Talia,164,"1991,10,02",Defender,378500,197,98
Daniel Venables,Daniel,Venables,15,"1998,11,19",Forward,258800,187,83
Daniel Wells,Daniel,Wells,257,"1985,02,03",Forward,302900,181,84
Darcy Byrne-Jones,Darcy,Byrne-Jones,64,"1995,09,20",Defender,389600,180,76
Darcy Cameron,Darcy,Cameron,1,"1995,07,18",Ruck,135700,204,100
Darcy Fogarty,Darcy,Fogarty,10,"1999,09,25",Forward,242700,193,94
Darcy Fort,Darcy,Fort,0,"1993,08,06",Ruck,117300,205,98
Darcy Gardiner,Darcy,Gardiner,82,"1995,09,22",Defender,382400,193,90
Darcy Lang,Darcy,Lang,55,"1995,11,21","Midfield,Forward",327700,183,82
Darcy Macpherson,Darcy,Macpherson,17,"1997,10,29",Forward,293100,174,78
Darcy Moore,Darcy,Moore,54,"1996,01,25","Defender,Forward",239400,203,102
Darcy Parish,Darcy,Parish,55,"1997,07,25","Midfield,Forward",436100,180,80
Darcy Tucker,Darcy,Tucker,48,"1997,01,23",Midfield,327900,183,83
Darragh Joyce,Darragh,Joyce,2,"1997,04,23",Defender,123900,194,90
Darren Minchington,Darren,Minchington,28,"1993,12,09",Midfield,190900,179,81
David Armitage,David,Armitage,167,"1988,06,16","Midfield,Forward",423400,185,88
David Astbury,David,Astbury,107,"1991,02,26",Defender,377300,195,96
David Cuningham,David,Cuningham,16,"1997,03,30",Defender,250100,183,83
David MacKay,David,MacKay,202,"1988,07,25",Defender,362100,181,77
David Mirra,David,Mirra,7,"1991,03,20",Defender,339600,186,89
David Mundy,David,Mundy,294,"1985,07,20","Midfield,Forward",520900,192,91
David Myers,David,Myers,116,"1989,06,30",Midfield,418300,191,88
David Swallow,David,Swallow,117,"1992,11,19",Midfield,487500,185,86
David Zaharakis,David,Zaharakis,187,"1990,02,21",Midfield,509000,180,79
Dawson Simpson,Dawson,Simpson,39,"1989,02,17",Ruck,473500,210,109
Dayne Beams,Dayne,Beams,168,"1990,02,12",Midfield,557600,187,88
Dayne Zorko,Dayne,Zorko,144,"1989,02,09",Midfield,520200,175,78
Dean Kent,Dean,Kent,63,"1994,02,24",Forward,278800,179,86
Declan Keilty,Declan,Keilty,0,"1995,05,08",Defender,123900,194,95
Declan Watson,Declan,Watson,0,"1998,09,17",Defender,123900,191,87
Derek Eggmolesse-Smith,Derek,Eggmolesse-Smith,0,"1998,05,04",Defender,102400,180,76
Devon Smith,Devon,Smith,131,"1993,05,20","Midfield,Forward",531300,176,77
Dion Prestia,Dion,Prestia,130,"1992,10,12",Midfield,482600,175,82
Dom Tyson,Dom,Tyson,107,"1993,06,08",Midfield,411000,186,85
Dominic Sheed,Dominic,Sheed,78,"1995,04,10",Midfield,394100,185,87
Dougal Howard,Dougal,Howard,30,"1996,03,25",Defender,389500,199,95
Doulton Langlands,Doulton,Langlands,0,"1999,07,29","Midfield,Forward",123900,187,78
Durak Tucker,Durak,Tucker,0,"2000,02,09",Defender,111400,189,84
Dustin Martin,Dustin,Martin,201,"1991,06,26",Midfield,563800,187,92
Dylan Buckley,Dylan,Buckley,41,"1993,03,16",Forward,165000,179,75
Dylan Clarke,Dylan,Clarke,1,"1998,09,06",Midfield,147700,186,85
Dylan Grimes,Dylan,Grimes,127,"1991,07,16",Defender,335500,193,90
Dylan Moore,Dylan,Moore,0,"1999,08,04",Forward,123900,176,66
Dylan Roberton,Dylan,Roberton,128,"1991,06,21",Defender,297500,194,91
Dylan Shiel,Dylan,Shiel,135,"1993,03,09",Midfield,487000,182,82
Dyson Heppell,Dyson,Heppell,151,"1992,05,14",Midfield,551500,189,82
Easton Wood,Easton,Wood,137,"1989,09,04",Defender,339700,187,86
Ed Langdon,Ed,Langdon,46,"1996,02,01",Midfield,447500,182,78
Ed Richards,Ed,Richards,21,"1999,07,03",Defender,319500,185,79
Ed Vickers-Willis,Ed,Vickers-Willis,14,"1996,03,28",Defender,318300,190,86
Eddie Betts,Eddie,Betts,295,"1986,11,26",Forward,363400,174,74
Edward Curnow,Edward,Curnow,143,"1989,11,07",Midfield,552200,181,86
Edward Phillips,Edward,Phillips,7,"1998,03,29",Midfield,294500,187,80
Elliot Yeo,Elliot,Yeo,132,"1993,10,01",Midfield,585500,190,89
Elliott Himmelberg,Elliott,Himmelberg,1,"1998,06,04",Forward,269800,198,94
Ely Smith,Ely,Smith,0,"2000,09,13",Midfield,117300,188,87
Eric Hipwood,Eric,Hipwood,52,"1997,09,13",Forward,281800,203,90
Esava Ratugolea,Esava,Ratugolea,8,"1998,07,24",Forward,295200,197,102
Ethan Hughes,Ethan,Hughes,29,"1994,12,07",Defender,233600,187,88
Fergus Greene,Fergus,Greene,5,"1997,12,20",Forward,202300,187,75
Finbar O'Dwyer,Finbar,O'Dwyer,0,"2000,07,24",Forward,117300,191,75
Fletcher Roberts,Fletcher,Roberts,49,"1993,06,03",Defender,195400,196,92
Flynn Appleby,Flynn,Appleby,9,"1999,01,21",Defender,281700,187,82
Francis Watson,Francis,Watson,0,"1995,09,29",Defender,123900,187,79
Fraser McInnes,Fraser,McInnes,14,"1993,07,19",Ruck,226400,198,96
Fraser Turner,Fraser,Turner,0,"2000,12,26",Midfield,117300,187,76
Gary Jnr Ablett,Gary,Jnr Ablett,321,"1984,05,14",Midfield,580600,182,87
Gary Rohan,Gary,Rohan,106,"1991,06,07",Forward,261600,189,92
George Hewett,George,Hewett,71,"1995,12,29",Midfield,425200,188,83
George Horlin-Smith,George,Horlin-Smith,51,"1992,12,22",Midfield,270300,188,84
Grant Birchall,Grant,Birchall,245,"1988,01,28",Defender,205200,193,89
Griffin Logue,Griffin,Logue,13,"1998,04,13",Defender,164300,193,95
Gryan Miers,Gryan,Miers,0,"1999,03,30",Forward,123900,178,78
Guy Walker,Guy,Walker,0,"1995,09,12","Defender,Forward",102400,184,76
Hamish Brayshaw,Hamish,Brayshaw,0,"1998,02,09",Midfield,123900,187,90
Hamish Hartlett,Hamish,Hartlett,153,"1990,08,14",Defender,349200,183,85
Harley Bennell,Harley,Bennell,83,"1992,10,02",Midfield,167700,185,85
Harris Andrews,Harris,Andrews,76,"1996,12,11",Defender,480100,201,102
Harrison Himmelberg,Harrison,Himmelberg,40,"1996,05,08",Forward,384200,194,92
Harrison Jones,Harrison,Jones,0,"1999,03,15",Defender,123900,185,80
Harrison Macreadie,Harrison,Macreadie,8,"1998,04,11",Defender,146800,196,91
Harrison Petty,Harrison,Petty,1,"1999,11,12",Defender,160700,197,83
Harrison Wigg,Harrison,Wigg,0,"1996,10,16",Defender,102400,180,80
Harry Cunningham,Harry,Cunningham,104,"1993,12,06",Midfield,410100,182,77
Harry Edwards,Harry,Edwards,0,"2000,10,01",Ruck,103900,197,84
Harry McKay,Harry,McKay,15,"1997,12,24",Forward,360800,200,95
Harry Morrison,Harry,Morrison,22,"1998,11,12","Midfield,Forward",350000,180,76
Harry Perryman,Harry,Perryman,17,"1998,12,19",Defender,314200,184,80
Harry Reynolds,Harry,Reynolds,0,"2000,10,11",Defender,102400,190,75
Harry Taylor,Harry,Taylor,237,"1986,06,12",Defender,262800,195,94
Hayden Ballantyne,Hayden,Ballantyne,168,"1987,07,16",Forward,266600,173,79
Hayden Crozier,Hayden,Crozier,86,"1993,12,24",Defender,428900,185,79
Heath Grundy,Heath,Grundy,255,"1986,06,02",Defender,419000,192,105
Heath Shaw,Heath,Shaw,282,"1985,11,27",Defender,492400,183,86
Hugh Dixon,Hugh,Dixon,0,"1999,02,26",Forward,123900,194,95
Hugh Goddard,Hugh,Goddard,10,"1996,08,24",Defender,159600,197,96
Hugh Greenwood,Hugh,Greenwood,37,"1992,03,06",Midfield,466600,191,92
Hugh McCluggage,Hugh,McCluggage,40,"1998,03,03",Midfield,416800,185,83
Hunter Clark,Hunter,Clark,15,"1999,03,26",Defender,293500,186,79
Ian Hill,Ian,Hill,0,"2000,02,09","Midfield,Forward",117300,175,75
Irving Mosquito,Irving,Mosquito,0,"2000,08,24","Midfield,Forward",117300,176,63
Isaac Cumming,Isaac,Cumming,2,"1998,08,11",Defender,173700,184,80
Isaac Heeney,Isaac,Heeney,80,"1996,05,05","Midfield,Forward",529200,186,85
Isaac Quaynor,Isaac,Quaynor,0,"2000,01,15",Defender,153300,180,83
Isaac Smith,Isaac,Smith,181,"1988,12,30",Midfield,451100,188,83
Ivan Soldo,Ivan,Soldo,8,"1996,04,14",Ruck,304000,204,106
Izak Rankine,Izak,Rankine,0,"2000,04,23",Forward,198300,180,80
Jack Billings,Jack,Billings,85,"1995,08,18",Forward,437600,184,81
Jack Bowes,Jack,Bowes,27,"1998,01,26",Midfield,348100,187,82
Jack Buckley,Jack,Buckley,0,"1997,12,17","Midfield,Forward",123900,193,85
Jack Bytel,Jack,Bytel,0,"2000,03,14",Midfield,117300,189,82
Jack Crisp,Jack,Crisp,110,"1993,10,02",Defender,519900,190,91
Jack Darling,Jack,Darling,172,"1992,06,13",Forward,471700,191,95
Jack Graham,Jack,Graham,23,"1998,02,25",Midfield,364100,181,82
Jack Gunston,Jack,Gunston,172,"1991,10,16",Forward,521400,193,87
Jack Henry,Jack,Henry,22,"1998,08,29",Defender,336100,191,92
Jack Higgins,Jack,Higgins,20,"1999,03,19",Forward,392700,177,76
Jack Hombsch,Jack,Hombsch,98,"1993,03,07",Defender,275700,194,90
Jack Leslie,Jack,Leslie,28,"1995,04,27",Defender,250300,198,100
Jack Lonie,Jack,Lonie,50,"1996,08,13",Forward,343500,174,71
Jack Lukosius,Jack,Lukosius,0,"2000,08,09",Forward,202800,195,85
Jack Madgen,Jack,Madgen,4,"1993,04,25",Defender,256500,192,92
Jack Maibaum,Jack,Maibaum,0,"1998,03,27",Defender,123900,193,94
Jack Martin,Jack,Martin,81,"1995,01,29","Midfield,Forward",439000,186,82
Jack Newnes,Jack,Newnes,135,"1993,02,24","Midfield,Forward",356100,184,86
Jack Payne,Jack,Payne,0,"1999,10,15",Defender,123900,197,95
Jack Petruccelle,Jack,Petruccelle,3,"1999,04,12",Forward,123900,185,80
Jack Redden,Jack,Redden,188,"1990,12,09",Midfield,517400,190,85
Jack Riewoldt,Jack,Riewoldt,249,"1988,10,31",Forward,504100,193,92
Jack Ross,Jack,Ross,0,"2000,09,03",Midfield,117300,186,88
Jack Scrimshaw,Jack,Scrimshaw,4,"1998,09,04",Defender,149800,193,88
Jack Silvagni,Jack,Silvagni,43,"1997,12,17","Defender,Forward",254400,191,89
Jack Sinclair,Jack,Sinclair,64,"1995,02,12",Midfield,422600,180,82
Jack Steele,Jack,Steele,58,"1995,12,13",Midfield,512600,187,90
Jack Steven,Jack,Steven,176,"1990,03,28",Midfield,513500,180,84
Jack Trengove,Jack,Trengove,89,"1991,09,02",Defender,235600,186,85
Jack Viney,Jack,Viney,98,"1994,04,13",Midfield,449500,178,87
Jack Watts,Jack,Watts,172,"1991,03,26",Forward,361100,195,90
Jack Ziebell,Jack,Ziebell,188,"1991,02,28",Forward,458500,188,88
Jackson Hately,Jackson,Hately,0,"2000,10,21",Midfield,148800,190,82
Jackson Macrae,Jackson,Macrae,118,"1994,08,03",Midfield,689700,191,85
Jackson Nelson,Jackson,Nelson,42,"1996,03,15",Defender,241000,187,84
Jackson Ross,Jackson,Ross,0,"1999,06,22",Forward,123900,193,75
Jackson Thurlow,Jackson,Thurlow,46,"1994,03,28",Midfield,289700,191,88
Jackson Trengove,Jackson,Trengove,169,"1990,11,02",Defender,400000,197,97
Jacob Allison,Jacob,Allison,8,"1998,04,16",Defender,198300,194,87
Jacob Dawson,Jacob,Dawson,3,"1999,11,03",Midfield,237400,182,79
Jacob Heron,Jacob,Heron,8,"1999,12,10","Defender,Forward",238200,180,76
Jacob Hopper,Jacob,Hopper,44,"1997,02,06",Midfield,431100,187,87
Jacob Kennerley,Jacob,Kennerley,0,"2000,06,16",Midfield,117300,185,78
Jacob Koschitzke,Jacob,Koschitzke,0,"2000,07,11","Defender,Forward",117300,196,93
Jacob Townsend,Jacob,Townsend,47,"1993,06,20",Forward,278500,187,89
Jacob Weitering,Jacob,Weitering,56,"1997,11,23",Defender,354400,195,95
Jade Gresham,Jade,Gresham,62,"1997,08,24",Forward,429600,177,79
Jaeger O'Meara,Jaeger,O'Meara,71,"1994,02,23",Midfield,503200,183,83
Jaidyn Stephenson,Jaidyn,Stephenson,26,"1999,01,15",Forward,347400,188,77
Jake Aarts,Jake,Aarts,0,"1994,12,08",Forward,106900,180,76
Jake Carlisle,Jake,Carlisle,124,"1991,10,01",Defender,422100,201,104
Jake Kelly,Jake,Kelly,53,"1995,01,21",Defender,364900,190,89
Jake Kolodjashnij,Jake,Kolodjashnij,70,"1995,08,09",Defender,320000,193,94
Jake Lever,Jake,Lever,67,"1996,03,05",Defender,374600,195,92
Jake Lloyd,Jake,Lloyd,115,"1993,09,20",Defender,608200,180,79
Jake Long,Jake,Long,5,"1996,02,03",Midfield,217900,185,81
Jake Melksham,Jake,Melksham,156,"1991,08,29",Forward,400400,186,83
Jake Patmore,Jake,Patmore,0,"1999,01,29","Midfield,Forward",123900,181,72
Jake Stein,Jake,Stein,0,"1994,01,17",Defender,123900,195,94
Jake Stringer,Jake,Stringer,109,"1994,04,25",Forward,383800,192,92
Jake Tarca,Jake,Tarca,0,"2000,02,23",Forward,117300,175,74
Jake Waterman,Jake,Waterman,16,"1998,05,06",Forward,304700,191,92
Jamaine Jones,Jamaine,Jones,7,"1998,09,29",Forward,215700,180,81
James Aish,James,Aish,68,"1995,11,08","Defender,Midfield",370900,183,80
James Bell,James,Bell,0,"1999,02,10","Midfield,Forward",123900,183,79
James Cousins,James,Cousins,7,"1998,03,19",Midfield,219900,185,80
James Frawley,James,Frawley,207,"1988,09,20",Defender,364600,193,96
James Harmes,James,Harmes,69,"1995,10,05",Midfield,453800,185,86
James Jordan,James,Jordan,0,"2000,12,20","Defender,Midfield",117300,187,80
James Madden,James,Madden,0,"1999,11,15",Midfield,102400,185,84
James Parsons,James,Parsons,31,"1997,04,12",Forward,291200,190,82
James Rose,James,Rose,9,"1996,04,16",Forward,165000,186,79
James Rowbottom,James,Rowbottom,0,"2000,09,19",Midfield,117300,186,81
James Sicily,James,Sicily,60,"1995,01,06",Defender,570400,186,85
James Stewart,James,Stewart,45,"1994,03,04",Forward,366200,198,94
James Worpel,James,Worpel,11,"1999,01,24","Midfield,Forward",395700,185,85
Jamie Cripps,Jamie,Cripps,144,"1992,04,23",Forward,440000,183,84
Jamie Elliott,Jamie,Elliott,89,"1992,08,21",Forward,280300,178,81
Jamie MacMillan,Jamie,MacMillan,139,"1991,09,23",Defender,440200,188,89
Jared Polec,Jared,Polec,106,"1992,10,12",Midfield,513500,187,84
Jarman Impey,Jarman,Impey,99,"1995,07,09","Defender,Forward",370600,178,82
Jarrad McVeigh,Jarrad,McVeigh,319,"1985,04,07",Defender,487100,184,84
Jarrod Berry,Jarrod,Berry,37,"1998,02,05",Midfield,434300,193,84
Jarrod Brander,Jarrod,Brander,1,"1999,02,11",Forward,135700,195,90
Jarrod Cameron,Jarrod,Cameron,0,"2000,05,03","Midfield,Forward",117300,183,72
Jarrod Garlett,Jarrod,Garlett,28,"1996,05,03",Forward,249700,180,74
Jarrod Harbrow,Jarrod,Harbrow,224,"1988,07,18",Defender,444400,178,73
Jarrod Lienert,Jarrod,Lienert,6,"1994,08,05",Defender,367200,193,89
Jarrod Pickett,Jarrod,Pickett,17,"1996,08,18",Forward,190500,178,77
Jarrod Witts,Jarrod,Witts,80,"1992,09,13",Ruck,480900,209,111
Jarryd Lyons,Jarryd,Lyons,92,"1992,07,22",Midfield,502000,184,84
Jarryd Roughead,Jarryd,Roughead,275,"1987,01,23",Forward,454100,193,98
Jarryn Geary,Jarryn,Geary,183,"1988,06,23",Defender,430800,182,82
Jason Carter,Jason,Carter,0,"2000,01,11","Defender,Midfield",102400,182,75
Jason Castagna,Jason,Castagna,52,"1996,07,12",Forward,317000,181,80
Jason Johannisen,Jason,Johannisen,106,"1992,11,08",Defender,465600,180,82
Jasper Pittard,Jasper,Pittard,126,"1991,04,01",Defender,365700,186,84
Jay Kennedy-Harris,Jay,Kennedy-Harris,34,"1995,03,21",Midfield,301300,173,75
Jayden Hunt,Jayden,Hunt,47,"1995,04,03",Defender,242700,187,83
Jayden Laverde,Jayden,Laverde,30,"1996,04,12",Forward,302200,191,90
Jayden Short,Jayden,Short,56,"1996,01,24",Defender,465600,178,75
Jed Anderson,Jed,Anderson,46,"1994,02,02",Midfield,431400,179,81
Jed Bews,Jed,Bews,71,"1993,12,14",Defender,230700,186,88
Jeff Garlett,Jeff,Garlett,178,"1989,08,03",Forward,375100,180,72
Jeremy Cameron,Jeremy,Cameron,130,"1993,04,01",Forward,441100,196,96
Jeremy Finlayson,Jeremy,Finlayson,15,"1996,02,09",Defender,380400,196,92
Jeremy Howe,Jeremy,Howe,162,"1990,06,29",Defender,497200,190,88
Jeremy McGovern,Jeremy,McGovern,103,"1992,04,15",Defender,483100,196,99
Jesse Hogan,Jesse,Hogan,71,"1995,02,12",Forward,498300,195,100
Jesse Joyce,Jesse,Joyce,47,"1997,08,17",Defender,324900,191,85
Jez McLennan,Jez,McLennan,0,"2000,09,07",Defender,117300,184,82
Jimmy Webster,Jimmy,Webster,85,"1993,06,28",Defender,472300,188,79
Joe Atley,Joe,Atley,3,"1998,08,04",Midfield,123900,188,88
Joe Daniher,Joe,Daniher,100,"1994,03,04",Forward,277800,200,95
Joel Amartey,Joel,Amartey,0,"1999,09,02",Forward,123900,196,88
Joel Crocker,Joel,Crocker,0,"2000,04,14","Defender,Forward",117300,191,78
Joel Garner,Joel,Garner,0,"1999,05,21",Defender,123900,184,80
Joel Hamling,Joel,Hamling,63,"1993,04,09",Defender,388100,194,90
Joel Selwood,Joel,Selwood,272,"1988,05,26",Midfield,570500,183,84
Joel Smith,Joel,Smith,11,"1996,02,25",Defender,266600,191,88
Jonathon Ceglar,Jonathon,Ceglar,61,"1991,02,14","Forward,Ruck",396800,204,102
Jonathon Patton,Jonathon,Patton,89,"1993,05,20","Forward,Ruck",421200,198,101
Jordan Clark,Jordan,Clark,0,"2000,10,16",Defender,144300,184,78
Jordan Cunico,Jordan,Cunico,15,"1996,05,07",Midfield,381500,185,80
Jordan Dawson,Jordan,Dawson,5,"1997,04,09",Midfield,260600,190,88
Jordan De Goey,Jordan,De Goey,71,"1996,03,15",Forward,476400,191,91
Jordan Gallucci,Jordan,Gallucci,17,"1998,05,04",Forward,297200,182,76
Jordan Houlahan,Jordan,Houlahan,0,"1999,02,19",Forward,123900,185,76
Jordan Lewis,Jordan,Lewis,307,"1986,04,24",Defender,454200,186,86
Jordan Murdoch,Jordan,Murdoch,108,"1992,03,23",Midfield,399200,190,87
Jordan Ridley,Jordan,Ridley,3,"1998,10,20",Defender,233100,192,84
Jordan Roughead,Jordan,Roughead,138,"1990,11,03","Forward,Ruck",379100,200,100
Jordon Butts,Jordon,Butts,0,"1999,12,31","Defender,Forward",102400,198,86
Jordon Sweet,Jordon,Sweet,0,"1998,02,02",Ruck,102400,203,106
Josh Battle,Josh,Battle,7,"1998,09,01",Forward,232100,193,88
Josh Bruce,Josh,Bruce,91,"1992,06,08",Forward,268500,197,102
Josh Caddy,Josh,Caddy,139,"1992,09,28",Forward,458400,186,88
Josh Corbett,Josh,Corbett,0,"1996,04,23",Forward,123900,190,90
Josh Daicos,Josh,Daicos,12,"1998,11,26",Forward,320800,178,77
Josh Dunkley,Josh,Dunkley,43,"1997,01,09","Midfield,Forward",516300,190,88
Josh Jenkins,Josh,Jenkins,136,"1989,02,08",Forward,438500,200,108
Josh P. Kennedy,Josh,P. Kennedy,227,"1988,06,20",Midfield,525600,190,95
Josh Rotham,Josh,Rotham,0,"1998,02,25",Defender,123900,193,85
Josh Schache,Josh,Schache,40,"1997,08,21",Forward,284800,199,94
Josh Smith,Josh,Smith,32,"1994,01,02",Forward,244300,180,80
Josh Thomas,Josh,Thomas,67,"1991,10,01",Forward,413800,178,79
Joshua Begley,Joshua,Begley,8,"1998,07,03",Forward,167600,188,89
Joshua Kelly,Joshua,Kelly,100,"1995,02,12",Midfield,617800,184,82
Joshua Kennedy,Joshua,Kennedy,221,"1987,08,25",Forward,397800,196,102
Joshua Schoenfeld,Joshua,Schoenfeld,14,"1997,07,03",Midfield,258100,186,84
Joshua Wagner,Joshua,Wagner,28,"1994,06,24",Defender,282300,189,84
Joshua Walker,Joshua,Walker,74,"1992,11,12",Defender,389700,197,100
Justin Mcinerney,Justin,Mcinerney,0,"2000,08,18",Defender,117300,187,75
Justin Westhoff,Justin,Westhoff,248,"1986,10,01","Forward,Ruck",549500,200,93
Jy Simpkin,Jy,Simpkin,35,"1998,03,05",Forward,358300,182,75
Jye Caldwell,Jye,Caldwell,0,"2000,09,28",Midfield,162300,184,80
Kade Chandler,Kade,Chandler,0,"2000,01,13",Midfield,108400,173,75
Kade Kolodjashnij,Kade,Kolodjashnij,78,"1995,08,09",Defender,363700,190,85
Kade Simpson,Kade,Simpson,307,"1984,05,05",Defender,570300,181,76
Kai Pudney,Kai,Pudney,0,"2000,01,09",Midfield,102400,186,78
Kaiden Brand,Kaiden,Brand,38,"1994,04,08",Defender,295900,198,98
Kamdyn Mcintosh,Kamdyn,Mcintosh,74,"1994,04,03",Midfield,316000,191,91
Kane Farrell,Kane,Farrell,5,"1999,03,17",Forward,216900,183,75
Kane Lambert,Kane,Lambert,74,"1991,11,26",Forward,481800,178,77
Karl Amon,Karl,Amon,42,"1995,08,19",Midfield,270300,181,79
Kayne Turner,Kayne,Turner,58,"1995,12,31",Forward,274100,180,75
Keegan Brooksby,Keegan,Brooksby,14,"1990,04,27",Ruck,202700,197,99
Kieran Strachan,Kieran,Strachan,0,"1995,10,05","Forward,Ruck",118900,204,95
Kieren Briggs,Kieren,Briggs,0,"1999,10,06",Ruck,117300,199,101
Kieren Jack,Kieren,Jack,248,"1987,06,28","Midfield,Forward",310600,178,81
Kobe Mutch,Kobe,Mutch,3,"1998,03,18",Midfield,237400,187,83
Kurt Mutimer,Kurt,Mutimer,4,"1997,03,11",Defender,137600,185,84
Kurt Tippett,Kurt,Tippett,178,"1987,05,08","Forward,Ruck",385100,202,106
Kyle Hartigan,Kyle,Hartigan,82,"1991,11,07",Defender,260600,194,98
Kyle Langford,Kyle,Langford,47,"1996,12,01","Midfield,Forward",436700,191,90
Kym LeBois,Kym,LeBois,0,"1998,05,22",Forward,123900,175,70
Kyron Hayden,Kyron,Hayden,0,"1999,06,07","Midfield,Forward",102400,186,88
Lachie Neale,Lachie,Neale,135,"1993,05,24",Midfield,607300,177,82
Lachie Whitfield,Lachie,Whitfield,114,"1994,07,18",Defender,542100,187,81
Lachie Young,Lachie,Young,0,"1999,04,06",Defender,120400,189,81
Lachlan Fogarty,Lachlan,Fogarty,15,"1999,04,01",Forward,324300,180,76
Lachlan Henderson,Lachlan,Henderson,165,"1989,12,14",Defender,386000,196,98
Lachlan Hunter,Lachlan,Hunter,105,"1994,12,13",Midfield,555500,183,82
Lachlan Keeffe,Lachlan,Keeffe,48,"1990,04,14",Defender,190500,204,102
Lachlan Murphy,Lachlan,Murphy,11,"1998,12,04",Forward,267500,176,76
Lachlan Plowman,Lachlan,Plowman,73,"1994,09,11",Defender,345800,191,90
Lachlan Schultz,Lachlan,Schultz,0,"1997,11,30",Forward,117300,178,79
Lachlan Sholl,Lachlan,Sholl,0,"2000,03,07",Defender,117300,185,77
Lachlan Weller,Lachlan,Weller,69,"1996,02,23","Defender,Midfield",403900,181,82
Laitham Vandermeer,Laitham,Vandermeer,0,"1999,02,03","Defender,Midfield",117300,180,77
Lance Franklin,Lance,Franklin,290,"1987,01,30",Forward,543500,199,107
Levi Casboult,Levi,Casboult,104,"1990,03,15",Forward,312700,201,103
Levi Greenwood,Levi,Greenwood,135,"1989,02,19",Defender,300800,181,87
Lewis Jetta,Lewis,Jetta,174,"1989,05,04",Defender,335600,182,80
Lewis Melican,Lewis,Melican,20,"1996,11,04",Defender,279400,195,100
Lewis Pierce,Lewis,Pierce,4,"1994,11,16",Ruck,235600,203,104
Lewis Taylor,Lewis,Taylor,107,"1995,02,17",Forward,390400,175,79
Lewis Young,Lewis,Young,9,"1998,12,20",Defender,248900,197,96
Liam Baker,Liam,Baker,3,"1998,01,27",Forward,162100,173,69
Liam Duggan,Liam,Duggan,70,"1996,12,11",Defender,375100,184,83
Liam Jones,Liam,Jones,112,"1991,02,24",Defender,382600,198,98
Liam Picken,Liam,Picken,198,"1986,08,01",Forward,285500,184,81
Liam Ryan,Liam,Ryan,13,"1996,10,02",Forward,336600,179,72
Liam Shiels,Liam,Shiels,186,"1991,04,29",Midfield,498600,183,84
Liam Stocker,Liam,Stocker,0,"2000,01,23",Midfield,126300,184,84
Lin Jong,Lin,Jong,61,"1993,06,04","Midfield,Forward",325700,188,87
Lincoln McCarthy,Lincoln,McCarthy,29,"1993,10,22",Forward,247500,178,82
Lloyd Meek,Lloyd,Meek,0,"1998,04,22",Ruck,123900,203,105
Lochie O'Brien,Lochie,O'Brien,18,"1999,09,18",Midfield,256900,184,78
Logan Austin,Logan,Austin,20,"1995,07,08",Defender,412500,196,92
Lukas Webb,Lukas,Webb,24,"1996,03,04",Forward,249200,187,84
Luke Breust,Luke,Breust,185,"1990,11,11",Forward,516400,184,84
Luke Brown,Luke,Brown,135,"1992,09,22",Defender,387300,181,81
Luke Dahlhaus,Luke,Dahlhaus,154,"1992,08,21","Midfield,Forward",418300,179,77
Luke Davies-Uniacke,Luke,Davies-Uniacke,7,"1999,06,08",Midfield,197500,188,85
Luke Dunstan,Luke,Dunstan,85,"1995,01,29",Midfield,437000,184,85
Luke English,Luke,English,0,"2000,08,20",Midfield,117300,181,79
Luke Foley,Luke,Foley,0,"1999,10,08",Midfield,117300,188,74
Luke Hodge,Luke,Hodge,324,"1984,06,15",Defender,451400,185,90
Luke Lavender,Luke,Lavender,0,"1996,07,08",Forward,123900,200,92
Luke McDonald,Luke,McDonald,96,"1995,02,09",Defender,362200,189,89
Luke Parker,Luke,Parker,173,"1992,10,25",Midfield,561700,183,88
Luke Ryan,Luke,Ryan,31,"1996,02,06",Defender,489900,186,88
Luke Shuey,Luke,Shuey,177,"1990,06,02",Midfield,492700,183,90
Luke Valente,Luke,Valente,0,"2000,05,08",Midfield,117300,186,82
Lynden Dunn,Lynden,Dunn,196,"1987,05,14",Defender,328800,192,102
Mabior Chol,Mabior,Chol,1,"1997,01,29",Forward,102400,199,93
Majak Daw,Majak,Daw,50,"1991,03,11",Defender,424300,195,97
Marc Murphy,Marc,Murphy,249,"1987,07,19",Midfield,501500,180,80
Marc Pittonet,Marc,Pittonet,5,"1996,06,03",Ruck,234500,202,105
Marcus Adams,Marcus,Adams,27,"1993,06,30",Defender,339600,192,98
Marcus Bontempelli,Marcus,Bontempelli,104,"1995,11,24",Midfield,564600,193,93
Mark Baguley,Mark,Baguley,124,"1987,05,21",Forward,328200,178,81
Mark Blicavs,Mark,Blicavs,133,"1991,03,28",Defender,405200,198,100
Mark Hutchings,Mark,Hutchings,95,"1991,05,25",Midfield,360500,182,83
Mark Keane,Mark,Keane,0,"2000,03,17","Defender,Forward",102400,,
Mark O'Connor,Mark,O'Connor,7,"1997,01,17",Defender,246500,191,87
Marley Williams,Marley,Williams,103,"1993,07,22",Defender,340500,181,83
Martin Frederick,Martin,Frederick,0,"2000,05,17","Defender,Midfield",102400,178,74
Martin Gleeson,Martin,Gleeson,69,"1994,08,25",Defender,264400,191,86
Marty Hore,Marty,Hore,0,"1996,03,05",Defender,117300,189,84
Mason Cox,Mason,Cox,44,"1991,03,14",Forward,334900,211,108
Mason Redman,Mason,Redman,5,"1997,08,26",Defender,309700,187,87
Mason Wood,Mason,Wood,39,"1993,09,13",Forward,363300,192,87
Mathew Walker,Mathew,Walker,0,"2000,02,14","Midfield,Forward",117300,188,82
Matt Cottrell,Matt,Cottrell,,None,,102400,,
Matt Crouch,Matt,Crouch,90,"1995,04,21",Midfield,551300,182,80
Matt Eagles,Matt,Eagles,4,"1990,02,09",Defender,200300,200,99
Matt Guelfi,Matt,Guelfi,15,"1997,08,14",Midfield,333300,183,79
Matt Owies,Matt,Owies,0,"1997,03,19","Midfield,Forward",102400,183,82
Matthew Allen,Matthew,Allen,0,"1997,10,18","Midfield,Forward",123900,193,96
Matthew Broadbent,Matthew,Broadbent,161,"1990,08,01",Defender,261700,189,90
Matthew Buntine,Matthew,Buntine,50,"1993,10,19",Defender,252000,189,84
Matthew De Boer,Matthew,De Boer,168,"1990,03,10",Forward,448500,189,86
Matthew Dea,Matthew,Dea,70,"1991,10,13",Defender,333900,186,87
Matthew Flynn,Matthew,Flynn,0,"1997,09,13",Ruck,123900,200,102
Matthew Kennedy,Matthew,Kennedy,31,"1997,04,06",Midfield,350600,188,89
Matthew Kreuzer,Matthew,Kreuzer,173,"1989,05,13",Ruck,432900,200,101
Matthew Ling,Matthew,Ling,0,"1999,04,21","Midfield,Forward",123900,183,76
Matthew Lobbe,Matthew,Lobbe,98,"1989,02,12",Ruck,362400,200,96
Matthew Parker,Matthew,Parker,0,"1996,01,25",Forward,117300,190,76
Matthew Scharenberg,Matthew,Scharenberg,31,"1995,09,18",Defender,437200,191,90
Matthew Suckling,Matthew,Suckling,152,"1988,07,25",Defender,497000,187,85
Matthew Taberner,Matthew,Taberner,62,"1993,06,17",Forward,354100,199,97
Maverick Weller,Maverick,Weller,121,"1992,02,13",Forward,334500,182,85
Max Gawn,Max,Gawn,99,"1991,12,30",Ruck,692100,208,109
Max King,Max,King,0,"2000,07,07",Forward,193800,203,90
Max Lynch,Max,Lynch,0,"1998,09,12",Ruck,123900,200,97
Michael Gibbons,Michael,Gibbons,,None,,102400,,
Michael Hartley,Michael,Hartley,41,"1993,06,07",Defender,280100,198,104
Michael Hibberd,Michael,Hibberd,123,"1990,01,03",Defender,398700,186,93
Michael Hurley,Michael,Hurley,160,"1990,06,01",Defender,491800,193,92
Michael Rischitelli,Michael,Rischitelli,236,"1986,01,08",Defender,259800,185,84
Michael Walters,Michael,Walters,129,"1991,01,07","Midfield,Forward",476800,177,75
Mitch McGovern,Mitch,McGovern,48,"1994,10,11",Forward,368200,190,89
Mitch Robinson,Mitch,Robinson,168,"1989,06,07","Midfield,Forward",496600,184,90
Mitchell Brown,Mitchell,Brown,54,"1990,08,28",Forward,407100,196,95
Mitchell Crowden,Mitchell,Crowden,9,"1999,04,28",Forward,234000,174,84
Mitchell Duncan,Mitchell,Duncan,180,"1991,06,10",Midfield,576500,188,88
Mitchell Hannan,Mitchell,Hannan,35,"1994,03,09",Forward,325700,189,87
Mitchell Hinge,Mitchell,Hinge,0,"1998,06,26",Defender,123900,189,85
Mitchell Lewis,Mitchell,Lewis,2,"1998,10,14",Forward,149000,198,92
Mitchell Wallis,Mitchell,Wallis,123,"1992,10,24","Midfield,Forward",498800,186,85
Myles Poholke,Myles,Poholke,9,"1998,07,10",Forward,234600,186,86
Nakia Cockatoo,Nakia,Cockatoo,34,"1996,10,23",Forward,190500,186,90
Nathan Broad,Nathan,Broad,30,"1993,04,15",Defender,290800,192,89
Nathan Brown,Nathan,Brown,167,"1988,12,17",Defender,227600,196,99
Nathan Fyfe,Nathan,Fyfe,153,"1991,09,18",Midfield,618100,190,92
Nathan Hrovat,Nathan,Hrovat,64,"1994,06,07",Forward,266400,175,78
Nathan Jones,Nathan,Jones,264,"1988,01,20",Midfield,459200,180,87
Nathan Kreuger,Nathan,Kreuger,0,"1999,06,25",Forward,123900,196,86
Nathan Murphy,Nathan,Murphy,2,"1999,12,15",Defender,167200,190,79
Nathan Vardy,Nathan,Vardy,57,"1991,06,25","Forward,Ruck",306400,200,100
Nathan Wilson,Nathan,Wilson,98,"1993,01,07",Defender,435300,185,82
Ned McHenry,Ned,McHenry,0,"2000,07,13","Midfield,Forward",139800,179,70
Neville Jetta,Neville,Jetta,141,"1990,02,12",Defender,320000,180,82
Nic Newman,Nic,Newman,31,"1993,01,15",Defender,394100,186,84
Nicholas Coffield,Nicholas,Coffield,10,"1999,10,23",Defender,286100,191,82
Nicholas Holman,Nicholas,Holman,31,"1995,05,29",Forward,364700,189,88
Nicholas Naitanui,Nicholas,Naitanui,161,"1990,05,04",Ruck,524400,201,110
Nicholas Robertson,Nicholas,Robertson,68,"1995,06,03",Defender,347400,191,98
Nicholas Shipley,Nicholas,Shipley,2,"1999,06,25",Midfield,130300,188,95
Nick Blakey,Nick,Blakey,0,"2000,02,27",Forward,166800,196,82
Nick Haynes,Nick,Haynes,105,"1992,05,18",Defender,408100,193,89
Nick Hind,Nick,Hind,0,"1994,08,19",Midfield,117300,180,72
Nick Larkey,Nick,Larkey,2,"1998,06,06",Forward,123900,198,93
Nick Smith,Nick,Smith,211,"1988,06,12",Defender,338200,183,83
Nick Vlastuin,Nick,Vlastuin,117,"1994,04,19",Defender,442900,187,87
Noah Answerth,Noah,Answerth,0,"1999,08,06","Defender,Midfield",117300,184,82
Noah Balta,Noah,Balta,0,"1999,10,23",Forward,123900,194,94
Noah Gown,Noah,Gown,0,"2000,02,01",Forward,117300,194,92
Oleg Markov,Oleg,Markov,15,"1996,05,08",Defender,158000,188,80
Oliver Florent,Oliver,Florent,32,"1998,07,22",Midfield,359300,183,80
Oliver Hanrahan,Oliver,Hanrahan,0,"1998,08,27",Forward,123900,181,75
Oliver Wines,Oliver,Wines,129,"1994,10,07",Midfield,528300,190,99
Orazio Fantasia,Orazio,Fantasia,60,"1995,09,14",Forward,452200,177,79
Oscar Allen,Oscar,Allen,2,"1999,03,19",Defender,236700,191,83
Oscar Brownless,Oscar,Brownless,0,"2000,02,16",Midfield,117300,187,77
Oscar Clavarino,Oscar,Clavarino,0,"1999,05,22",Defender,123900,195,86
Oscar McDonald,Oscar,McDonald,62,"1996,03,18",Defender,296100,196,100
Oscar McInerney,Oscar,McInerney,16,"1994,07,10",Forward,317600,204,107
Oskar Baker,Oskar,Baker,0,"1998,05,25",Midfield,123900,184,79
Paddy Dow,Paddy,Dow,20,"1999,10,16","Midfield,Forward",323500,184,80
Pat Kerr,Pat,Kerr,4,"1998,07,31",Forward,230800,197,97
Patrick Ambrose,Patrick,Ambrose,67,"1991,09,01",Defender,258900,193,95
Patrick Bines,Patrick,Bines,0,"1999,02,05","Forward,Ruck",102400,198,98
Patrick Cripps,Patrick,Cripps,81,"1995,03,18",Midfield,648200,195,93
Patrick Dangerfield,Patrick,Dangerfield,224,"1990,04,05","Midfield,Forward",660500,189,92
Patrick Lipinski,Patrick,Lipinski,18,"1998,07,17","Midfield,Forward",322200,187,84
Patrick McCartin,Patrick,McCartin,35,"1996,04,19",Forward,262200,194,100
Patrick Naish,Patrick,Naish,0,"1999,01,15",Defender,123900,182,71
Patrick Ryder,Patrick,Ryder,226,"1988,03,14",Ruck,490300,197,96
Patrick Wilson,Patrick,Wilson,1,"1994,12,11",Midfield,147700,188,89
Paul Ahern,Paul,Ahern,11,"1996,08,01",Midfield,375100,183,85
Paul Hunter,Paul,Hunter,0,"1993,02,09",Ruck,102400,200,104
Paul Puopolo,Paul,Puopolo,168,"1987,12,02",Forward,359500,173,78
Paul Seedsman,Paul,Seedsman,88,"1992,01,22",Midfield,440000,189,87
Pearce Hanley,Pearce,Hanley,145,"1988,11,15",Defender,296400,185,85
Peter Ladhams,Peter,Ladhams,0,"1998,01,14",Ruck,123900,203,94
Peter Wright,Peter,Wright,49,"1996,09,08",Forward,306400,203,102
Phil Davis,Phil,Davis,143,"1990,08,30",Defender,422600,197,96
Quinton Narkle,Quinton,Narkle,6,"1997,12,03",Forward,241000,181,80
Red Og Murphy,Red,Og Murphy,0,"2000,10,11",Midfield,102400,185,80
Reece Conca,Reece,Conca,104,"1992,08,12",Midfield,392900,181,83
Reilly O'Brien,Reilly,O'Brien,2,"1995,08,20",Ruck,136800,202,101
Rhylee West,Rhylee,West,0,"2000,07,12",Midfield,117300,181,82
Rhys Mathieson,Rhys,Mathieson,37,"1997,01,10","Midfield,Forward",365000,188,88
Rhys Stanley,Rhys,Stanley,115,"1990,12,01",Ruck,483500,200,102
Richard Douglas,Richard,Douglas,237,"1987,02,06","Midfield,Forward",399500,181,79
Ricky Henderson,Ricky,Henderson,130,"1988,09,11",Midfield,444900,188,91
Riley Bonner,Riley,Bonner,23,"1997,03,07",Defender,346000,191,82
Riley Collier-Dawkins,Riley,Collier-Dawkins,0,"2000,02,03",Midfield,121800,193,88
Riley Grundy,Riley,Grundy,0,"2000,07,28",Defender,117300,195,83
Riley Knight,Riley,Knight,39,"1995,03,27","Midfield,Forward",348800,181,80
Roarke Smith,Roarke,Smith,12,"1996,09,11",Defender,247000,181,81
Robbie Fox,Robbie,Fox,13,"1993,04,16","Defender,Forward",283400,185,85
Robbie Gray,Robbie,Gray,199,"1988,03,30","Midfield,Forward",525500,183,84
Robbie Tarrant,Robbie,Tarrant,126,"1989,04,25",Defender,403000,196,97
Robert Young,Robert,Young,0,"1995,03,02",Forward,117300,179,73
Rory Atkins,Rory,Atkins,77,"1994,07,12",Midfield,415800,186,85
Rory Laird,Rory,Laird,121,"1993,12,29",Defender,587600,177,81
Rory Lobb,Rory,Lobb,74,"1993,02,09","Forward,Ruck",411600,207,106
Rory Sloane,Rory,Sloane,177,"1990,03,17",Midfield,524300,182,83
Rory Thompson,Rory,Thompson,103,"1991,03,12",Defender,265400,200,100
Rowan Marshall,Rowan,Marshall,13,"1995,11,24",Forward,341100,201,101
Rupert Wills,Rupert,Wills,6,"1993,05,20",Midfield,166100,192,89
Ryan Abbott,Ryan,Abbott,4,"1991,06,25",Ruck,340700,200,100
Ryan Bastinac,Ryan,Bastinac,161,"1991,06,22",Midfield,245400,184,76
Ryan Burton,Ryan,Burton,47,"1997,01,31",Defender,356700,191,91
Ryan Clarke,Ryan,Clarke,40,"1997,06,17",Defender,355400,184,87
Ryan Garthwaite,Ryan,Garthwaite,2,"1998,06,30",Defender,231800,192,91
Ryan Lester,Ryan,Lester,117,"1992,08,26",Defender,371300,192,87
Ryan Nyhuis,Ryan,Nyhuis,12,"1996,09,06",Defender,284300,190,89
Ryan Schoenmakers,Ryan,Schoenmakers,121,"1990,11,08",Forward,261200,195,94
Ryley Stoddart,Ryley,Stoddart,2,"1999,10,15",Forward,136800,184,73
Sam Alabakis,Sam,Alabakis,0,"1997,05,02",Ruck,102400,211,111
Sam Day,Sam,Day,110,"1992,09,06",Forward,301700,197,102
Sam Docherty,Sam,Docherty,92,"1993,10,17",Defender,511300,187,87
Sam Draper,Sam,Draper,0,"1998,09,28",Ruck,123900,203,105
Sam Durdin,Sam,Durdin,9,"1996,06,06",Defender,202300,198,97
Sam Frost,Sam,Frost,69,"1993,08,28",Defender,331700,194,95
Sam Gray,Sam,Gray,76,"1992,02,01",Forward,380600,176,78
Sam Hayes,Sam,Hayes,0,"1999,06,09",Ruck,123900,203,96
Sam Jacobs,Sam,Jacobs,196,"1988,04,10",Ruck,455700,200,102
Sam Lloyd,Sam,Lloyd,57,"1990,03,03",Midfield,386000,180,81
Sam Mayes,Sam,Mayes,101,"1994,05,20",Defender,274400,189,88
Sam Menegola,Sam,Menegola,53,"1992,03,07","Midfield,Forward",543100,189,89
Sam Naismith,Sam,Naismith,28,"1992,07,16",Ruck,251400,205,109
Sam Petrevski-Seton,Sam,Petrevski-Seton,42,"1998,02,19",Forward,364900,180,74
Sam Powell-Pepper,Sam,Powell-Pepper,38,"1998,01,08",Midfield,425800,188,96
Sam Reid,Sam,Reid,121,"1991,12,27",Forward,395200,196,99
Sam Simpson,Sam,Simpson,6,"1998,06,14",Midfield,152000,180,74
Sam Skinner,Sam,Skinner,1,"1997,06,29",Defender,168300,198,96
Sam Sturt,Sam,Sturt,0,"2000,05,12",Forward,135300,189,75
Sam Switkowski,Sam,Switkowski,2,"1996,11,20",Forward,283100,178,70
Sam Taylor,Sam,Taylor,8,"1999,05,05",Defender,268000,196,87
Sam Walsh,Sam,Walsh,0,"2000,07,02",Midfield,207300,184,77
Sam Weideman,Sam,Weideman,20,"1997,06,26",Forward,242900,195,97
Sam Wicks,Sam,Wicks,0,"1999,09,14","Midfield,Forward",102400,180,74
Samuel Collins,Samuel,Collins,14,"1994,06,15",Defender,188900,194,98
Samuel Murray,Samuel,Murray,13,"1997,09,02",Defender,385000,189,88
Samuel Reid,Samuel,Reid,64,"1989,11,07","Defender,Forward",271700,188,85
Samuel Wright,Samuel,Wright,132,"1990,07,15",Defender,356200,188,86
Scott Jones,Scott,Jones,5,"1995,05,20","Forward,Ruck",279500,203,115
Scott Lycett,Scott,Lycett,75,"1992,09,26","Forward,Ruck",441200,203,101
Scott Pendlebury,Scott,Pendlebury,277,"1988,01,07",Midfield,562000,191,91
Scott Selwood,Scott,Selwood,167,"1990,03,27",Midfield,382700,186,88
Scott Thompson,Scott,Thompson,222,"1986,05,09",Defender,419000,193,96
Sean Darcy,Sean,Darcy,15,"1998,06,12",Ruck,361500,201,111
Sean Lemmens,Sean,Lemmens,79,"1994,11,02",Forward,221500,184,83
Sebastian Ross,Sebastian,Ross,102,"1993,05,07",Midfield,558400,187,88
Shai Bolton,Shai,Bolton,9,"1998,12,08",Forward,146600,175,76
Shane Edwards,Shane,Edwards,231,"1988,10,25","Midfield,Forward",470600,182,81
Shane Kersten,Shane,Kersten,66,"1993,03,15",Defender,331100,191,90
Shane McAdam,Shane,McAdam,0,"1995,05,28",Forward,123900,181,78
Shane Mumford,Shane,Mumford,172,"1986,07,05",Ruck,320200,197,105
Shane Savage,Shane,Savage,141,"1991,01,05",Defender,481300,186,84
Shannon Hurn,Shannon,Hurn,248,"1987,09,04",Defender,523400,187,95
Shaun Atley,Shaun,Atley,176,"1992,09,13",Forward,364700,189,86
Shaun Burgoyne,Shaun,Burgoyne,358,"1982,10,21",Midfield,484200,186,89
Shaun Grigg,Shaun,Grigg,214,"1988,04,19",Midfield,432700,190,85
Shaun Higgins,Shaun,Higgins,203,"1988,03,04",Midfield,560200,184,89
Shaun McKernan,Shaun,McKernan,62,"1990,09,01",Forward,400600,196,100
Steele Sidebottom,Steele,Sidebottom,211,"1991,01,02",Midfield,551700,184,86
Stefan Giro,Stefan,Giro,10,"1999,03,10",Forward,269800,175,71
Stefan Martin,Stefan,Martin,158,"1986,11,17",Ruck,573700,199,100
Stefan Okunbor,Stefan,Okunbor,0,"1998,08,12","Defender,Forward",102400,190,87
Stephen Coniglio,Stephen,Coniglio,118,"1993,12,15",Midfield,588600,182,86
Stephen Hill,Stephen,Hill,203,"1990,05,01",Defender,389200,183,81
Steven May,Steven,May,123,"1992,01,10",Defender,443500,193,101
Steven Motlop,Steven,Motlop,156,"1991,03,12","Midfield,Forward",383900,183,76
Sydney Stack,Sydney,Stack,,None,,102400,,
Tarryn Thomas,Tarryn,Thomas,0,"2000,03,25",Midfield,175800,189,85
Taylin Duman,Taylin,Duman,10,"1998,04,18",Defender,381100,192,79
Taylor Adams,Taylor,Adams,120,"1993,09,20",Midfield,523100,181,83
Taylor Duryea,Taylor,Duryea,118,"1991,04,24",Defender,340000,179,80
Taylor Garner,Taylor,Garner,34,"1994,01,08",Forward,254600,187,88
Taylor Walker,Taylor,Walker,167,"1990,04,25",Forward,343500,193,102
Teia Miles,Teia,Miles,12,"1996,11,02",Defender,343400,180,73
Thomas Berry,Thomas,Berry,0,"2000,05,01",Midfield,117300,185,78
Thomas Boyd,Thomas,Boyd,61,"1995,08,22","Forward,Ruck",364200,200,103
Thomas Jonas,Thomas,Jonas,121,"1991,01,09",Defender,471100,189,94
Thomas Liberatore,Thomas,Liberatore,117,"1992,05,16",Midfield,300400,183,83
Thomas Murphy,Thomas,Murphy,4,"1998,01,19",Defender,195400,189,82
Thomas Sheridan,Thomas,Sheridan,81,"1993,10,28",Midfield,382500,187,82
Thomas Stewart,Thomas,Stewart,43,"1993,03,15",Defender,463000,190,88
Thomas Wilkinson,Thomas,Wilkinson,0,"1996,03,07",Forward,102400,181,83
Tim Kelly,Tim,Kelly,23,"1994,07,26","Midfield,Forward",505800,183,82
Tim Membrey,Tim,Membrey,70,"1994,05,26",Forward,396300,188,89
Tim O'Brien,Tim,O'Brien,46,"1994,03,28",Forward,275500,193,88
Tim Smith,Tim,Smith,6,"1991,02,20",Forward,310500,192,95
Tim Taranto,Tim,Taranto,37,"1998,01,28",Midfield,481600,187,87
Timothy Broomhead,Timothy,Broomhead,36,"1994,03,22","Midfield,Forward",242100,183,85
Timothy English,Timothy,English,9,"1997,08,10",Ruck,310600,205,93
Timothy Mohr,Timothy,Mohr,48,"1988,10,19",Defender,243200,196,100
Tobe Watson,Tobe,Watson,0,"1997,12,03","Defender,Midfield",102400,190,84
Tobin Cox,Tobin,Cox,0,"1999,07,15","Midfield,Forward",115900,177,82
Toby Bedford,Toby,Bedford,0,"2000,05,27","Midfield,Forward",117300,177,69
Toby Greene,Toby,Greene,126,"1993,09,25",Forward,354600,182,83
Toby McLean,Toby,McLean,60,"1996,01,31","Midfield,Forward",514000,180,79
Toby Nankervis,Toby,Nankervis,59,"1994,08,12",Ruck,533000,199,102
Toby Pink,Toby,Pink,0,"1998,08,11",Forward,123900,194,92
Toby Wooller,Toby,Wooller,0,"1999,03,16",Forward,123900,194,87
Todd Goldstein,Todd,Goldstein,212,"1988,07,01",Ruck,548000,201,103
Todd Marshall,Todd,Marshall,10,"1998,10,08",Forward,281300,198,90
Tom Atkins,Tom,Atkins,0,"1995,09,18",Midfield,112900,180,85
Tom Barrass,Tom,Barrass,51,"1995,10,08",Defender,395600,194,95
Tom Bellchambers,Tom,Bellchambers,113,"1989,07,09",Ruck,505700,201,108
Tom Campbell,Tom,Campbell,42,"1991,11,02",Ruck,264400,200,106
Tom Clurey,Tom,Clurey,60,"1994,03,23",Defender,350300,193,93
Tom Cole,Tom,Cole,27,"1997,05,28",Defender,339900,186,81
Tom Cutler,Tom,Cutler,63,"1995,02,20",Midfield,439700,191,91
Tom De Koning,Tom,De Koning,2,"1999,07,16","Forward,Ruck",171500,201,92
Tom Doedee,Tom,Doedee,20,"1997,03,01",Defender,446200,188,88
Tom Fullarton,Tom,Fullarton,,None,,102400,,
Tom Hawkins,Tom,Hawkins,232,"1988,07,21",Forward,552900,198,103
Tom Hickey,Tom,Hickey,79,"1991,03,06",Ruck,485600,201,99
Tom Jok,Tom,Jok,0,"1997,01,01",Midfield,117400,193,80
Tom Joyce,Tom,Joyce,0,"2000,03,07",Midfield,117300,181,77
Tom Langdon,Tom,Langdon,80,"1994,06,09",Defender,416600,190,83
Tom Lynch,Tom,Lynch,131,"1992,10,31",Forward,425600,199,99
Tom Lynch,Tom,Lynch,123,"1990,09,15",Forward,436800,193,88
Tom McCartin,Tom,McCartin,15,"1999,12,30",Forward,274100,192,82
Tom McDonald,Tom,McDonald,146,"1992,09,18",Forward,529800,194,100
Tom McKenzie,Tom,McKenzie,0,"2000,06,23","Defender,Midfield",114400,183,78
Tom Mitchell,Tom,Mitchell,111,"1993,05,31",Midfield,700800,182,84
Tom Nicholls,Tom,Nicholls,45,"1992,03,04",Ruck,224000,203,103
Tom North,Tom,North,0,"1999,02,14",Midfield,123900,184,84
Tom Papley,Tom,Papley,60,"1996,07,13",Forward,383400,177,77
Tom Phillips,Tom,Phillips,50,"1996,05,07",Midfield,489100,187,79
Tom Rockliff,Tom,Rockliff,172,"1990,02,22",Midfield,405900,185,83
Tom Scully,Tom,Scully,152,"1991,05,15",Midfield,334900,181,80
Tom Sparrow,Tom,Sparrow,0,"2000,05,31",Midfield,117300,182,82
Tom Williamson,Tom,Williamson,15,"1998,12,12",Defender,189500,189,82
Tomas Bugg,Tomas,Bugg,96,"1993,04,05",Midfield,272100,184,84
Tory Dickson,Tory,Dickson,96,"1987,09,26",Forward,263300,184,85
Touk Miller,Touk,Miller,82,"1996,02,22",Midfield,482400,178,84
Travis Boak,Travis,Boak,243,"1988,08,01",Forward,478000,184,85
Travis Colyer,Travis,Colyer,87,"1991,08,24","Midfield,Forward",282300,175,79
Travis Varcoe,Travis,Varcoe,205,"1988,04,10",Forward,332800,180,83
Trent Cotchin,Trent,Cotchin,220,"1990,04,07",Midfield,486900,185,85
Trent Dumont,Trent,Dumont,61,"1995,06,30",Midfield,452800,186,87
Trent McKenzie,Trent,McKenzie,107,"1992,04,03",Defender,260600,191,83
Trent Mynott,Trent,Mynott,0,"1999,10,04",Midfield,123900,185,75
Tristan Xerri,Tristan,Xerri,0,"1999,03,15","Forward,Ruck",123900,201,94
Tyler Brown,Tyler,Brown,0,"1999,12,09",Defender,123900,188,73
Tyson Goldsack,Tyson,Goldsack,165,"1987,05,22",Defender,257400,193,93
Tyson Stengle,Tyson,Stengle,2,"1998,10,19",Forward,123900,172,73
Wayne Milera,Wayne,Milera,43,"1997,09,14",Defender,433100,184,81
Wil Powell,Wil,Powell,7,"1999,08,26",Forward,211500,185,70
Will Brodie,Will,Brodie,11,"1998,08,23",Midfield,369800,189,88
Will Golds,Will,Golds,0,"2000,05,06",Midfield,102400,183,73
Will Hamill,Will,Hamill,0,"2000,11,17",Defender,117300,186,71
Will Hayes,Will,Hayes,0,"1995,06,05",Midfield,117300,181,77
Will Hayward,Will,Hayward,40,"1998,10,26",Forward,325200,186,80
Will Hoskin-Elliott,Will,Hoskin-Elliott,100,"1993,09,02",Forward,380200,186,81
Will Kelly,Will,Kelly,0,"2000,08,16",Defender,117300,194,84
Will Schofield,Will,Schofield,176,"1989,01,24",Defender,253500,196,92
Will Setterfield,Will,Setterfield,2,"1998,02,05","Midfield,Forward",144900,190,87
Will Walker,Will,Walker,4,"1999,03,30",Forward,199100,186,78
Willem Drew,Willem,Drew,0,"1998,10,01","Midfield,Forward",123900,190,85
William Langford,William,Langford,72,"1992,07,03","Midfield,Forward",236000,187,83
Willie Rioli,Willie,Rioli,24,"1995,06,04",Forward,318700,175,80
Wylie Buzza,Wylie,Buzza,9,"1996,03,02",Forward,213300,199,102
Xavier Duursma,Xavier,Duursma,0,"2000,07,07","Defender,Midfield",130800,186,74
Xavier O'Halloran,Xavier,O'Halloran,0,"2000,07,11",Midfield,117300,186,84
Xavier O'Neill,Xavier,O'Neill,0,"2000,08,03",Midfield,117300,185,82
Zac Bailey,Zac,Bailey,12,"1999,09,23","Midfield,Forward",275900,182,81
Zac Fisher,Zac,Fisher,34,"1998,06,15","Midfield,Forward",392800,175,72
Zac Foot,Zac,Foot,0,"2000,12,24",Forward,117300,180,71
Zac Langdon,Zac,Langdon,21,"1995,11,13",Forward,303100,177,80
Zac Smith,Zac,Smith,112,"1990,02,22",Ruck,330600,206,105
Zach Guthrie,Zach,Guthrie,16,"1998,06,30",Defender,203800,187,76
Zach Tuohy,Zach,Tuohy,168,"1989,12,10",Defender,460400,187,93
Zachary Clarke,Zachary,Clarke,101,"1990,03,28",Ruck,142600,203,85
Zachary Merrett,Zachary,Merrett,103,"1995,10,03",Midfield,544800,180,80
Zachary Sproule,Zachary,Sproule,0,"1998,05,12","Midfield,Forward",123900,197,92
Zachary Williams,Zachary,Williams,78,"1994,09,20",Defender,407800,185,84
Zaine Cordy,Zaine,Cordy,48,"1996,10,27",Defender,328400,193,90
Zak Butters,Zak,Butters,0,"2000,09,08",Midfield,157800,181,71
Zak Jones,Zak,Jones,73,"1995,03,15",Defender,432200,181,78
